-- Growth OS - Seed Data (Chinese content)

-- ============================================================
-- Goals
-- ============================================================
INSERT INTO goals (id, title, description, level, status, parent_id, start_date, due_date, progress, tags) VALUES
('a0000000-0000-0000-0000-000000000001', '提升技术深度与广度', '系统性地学习新技术，提升工程能力，成为全栈工程师', 'yearly', 'active', NULL, '2026-01-01', '2026-12-31', 35, '["技术","学习"]'),
('a0000000-0000-0000-0000-000000000002', '养成高效晨间习惯', '每天早起并完成晨间例行事项：冥想、阅读、运动', 'monthly', 'active', 'a0000000-0000-0000-0000-000000000001', '2026-05-01', '2026-05-31', 60, '["习惯","健康"]'),
('a0000000-0000-0000-0000-000000000003', '完成 Growth OS MVP', '搭建个人成长操作系统的核心功能：目标管理、日志、AI 洞察', 'weekly', 'active', 'a0000000-0000-0000-0000-000000000001', '2026-05-05', '2026-05-11', 45, '["项目","开发"]');

-- ============================================================
-- Daily Logs (7 entries for the current week)
-- ============================================================
INSERT INTO daily_logs (id, log_date, mood, energy, content, completed, goal_id) VALUES
('b0000000-0000-0000-0000-000000000001', '2026-05-04', 4, 4,
 '今天状态不错，早上6:30起床，完成了20分钟冥想。下午集中精力写代码，完成了数据库Schema设计。',
 '[{"task":"早起冥想","done":"true"},{"task":"数据库设计","done":"true"},{"task":"阅读30分钟","done":"false"}]',
 'a0000000-0000-0000-0000-000000000002'),
('b0000000-0000-0000-0000-000000000002', '2026-05-05', 3, 3,
 '周一有点累，但还是坚持了晨跑。下午开会讨论了Growth OS的技术选型。',
 '[{"task":"晨跑","done":"true"},{"task":"技术选型讨论","done":"true"},{"task":"写周报","done":"true"}]',
 'a0000000-0000-0000-0000-000000000003'),
('b0000000-0000-0000-0000-000000000003', '2026-05-06', 5, 5,
 '效率爆棚的一天！完成了FastAPI后端骨架搭建，还读了30页《原子习惯》。',
 '[{"task":"FastAPI搭建","done":"true"},{"task":"阅读","done":"true"},{"task":"冥想","done":"true"}]',
 'a0000000-0000-0000-0000-000000000003'),
('b0000000-0000-0000-0000-000000000004', '2026-05-07', 4, 4,
 '今天完成了Docker配置和CI/CD基本流程。晚上学习了Supabase的RLS策略。',
 '[{"task":"Docker配置","done":"true"},{"task":"学习RLS","done":"true"},{"task":"运动","done":"false"}]',
 'a0000000-0000-0000-0000-000000000003'),
('b0000000-0000-0000-0000-000000000005', '2026-05-08', 3, 3,
 '今天有点分心，但还是推进了前端页面设计。冥想帮助我恢复了专注力。',
 '[{"task":"页面设计","done":"true"},{"task":"冥想","done":"true"},{"task":"跑步","done":"false"}]',
 'a0000000-0000-0000-0000-000000000003'),
('b0000000-0000-0000-0000-000000000006', '2026-05-09', 4, 4,
 '完成了AI Agent的初步集成，Claude API调用正常。晚上写了一篇技术博客。',
 '[{"task":"AI集成","done":"true"},{"task":"写博客","done":"true"},{"task":"冥想","done":"true"}]',
 'a0000000-0000-0000-0000-000000000003'),
('b0000000-0000-0000-0000-000000000007', '2026-05-10', 5, 5,
 '周六上午做了代码review，下午和朋友讨论了产品思路。晚上放松看了部纪录片。',
 '[{"task":"代码Review","done":"true"},{"task":"产品讨论","done":"true"},{"task":"放松","done":"true"}]',
 NULL);

-- ============================================================
-- Insights
-- ============================================================
INSERT INTO insights (id, type, title, content, source, tags, related_goal_id) VALUES
('c0000000-0000-0000-0000-000000000001', 'pattern',
 '晨间效率明显高于下午',
 '分析过去两周的日志发现，你在早上6:30-9:00之间的任务完成率高达85%，而下午只有62%。建议将高难度任务安排在上午。',
 'ai', '["效率","时间管理"]', 'a0000000-0000-0000-0000-000000000002'),
('c0000000-0000-0000-0000-000000000002', 'recommendation',
 '运动习惯需要加强',
 '过去7天中只有3天完成了运动目标。建议从每天10分钟的简单运动开始，逐步建立习惯。',
 'ai', '["健康","习惯"]', 'a0000000-0000-0000-0000-000000000002'),
('c0000000-0000-0000-0000-000000000003', 'milestone',
 'Growth OS核心功能已完成60%',
 '本周完成了数据库设计、API骨架、Docker部署三个关键里程碑。距离MVP目标还剩AI洞察和前端页面。',
 'ai', '["项目","里程碑"]', 'a0000000-0000-0000-0000-000000000003');

-- ============================================================
-- Assets
-- ============================================================
INSERT INTO assets (id, title, type, content, url, tags, goal_id) VALUES
('d0000000-0000-0000-0000-000000000001', 'Growth OS 数据库设计文档', 'document',
 '完整的PostgreSQL Schema设计，包含7张核心表、视图和索引策略。采用JSONB存储灵活数据，支持层级目标和AI成本追踪。',
 NULL, '["技术文档","数据库"]', 'a0000000-0000-0000-0000-000000000003'),
('d0000000-0000-0000-0000-000000000002', '晨间习惯清单', 'checklist',
 '6:00 起床 → 6:10 冥想(10分钟) → 6:20 阅读(20分钟) → 6:40 运动(20分钟) → 7:00 淋浴 → 7:15 早餐',
 NULL, '["习惯","清单"]', 'a0000000-0000-0000-0000-000000000002'),
('d0000000-0000-0000-0000-000000000003', 'AI Prompt 模板库', 'template',
 '包含日志分析、周报生成、目标拆解等常用AI提示词模板，统一格式便于复用。',
 NULL, '["AI","模板"]', 'a0000000-0000-0000-0000-000000000001'),
('d0000000-0000-0000-0000-000000000004', '《原子习惯》读书笔记', 'note',
 '核心要点：1) 习惯叠加 2) 两分钟规则 3) 环境设计 4) 身份认同驱动。关键启发：不要关注目标，要关注身份。',
 NULL, '["阅读","笔记"]', 'a0000000-0000-0000-0000-000000000001'),
('d0000000-0000-0000-0000-000000000005', 'Supabase 官方文档', 'link',
 'Supabase PostgREST + RLS 策略参考',
 'https://supabase.com/docs', '["技术","参考"]', 'a0000000-0000-0000-0000-000000000003');

-- ============================================================
-- Reviews (1 weekly review)
-- ============================================================
INSERT INTO reviews (id, period, period_start, period_end, summary, highlights, improvements, score) VALUES
('e0000000-0000-0000-0000-000000000001', 'weekly', '2026-05-05', '2026-05-11',
 '本周在Growth OS项目上取得了重大进展，完成了数据库设计、API骨架和Docker部署。晨间习惯执行率约60%，运动方面需要加强。',
 '["完成数据库Schema设计","FastAPI项目骨架搭建成功","Docker部署流程打通","晨间冥想坚持5天"]',
 '["运动频率不足，下周目标每天至少10分钟","下午容易分心，尝试番茄工作法","需要更多时间阅读技术文档"]',
 7);

-- ============================================================
-- AI Interactions (10 sample records)
-- ============================================================
INSERT INTO ai_interactions (id, agent, prompt_tokens, completion_tokens, cost_usd, model, request_summary, response_summary, status, created_at) VALUES
('f0000000-0000-0000-0000-000000000001', 'daily_coach',   850,  320, 0.004500, 'claude-sonnet-4-20250514',  '分析今日日志并给出建议',         '建议将高难度任务安排在上午，下午做轻量级工作',          'success', '2026-05-04 20:00:00+08'),
('f0000000-0000-0000-0000-000000000002', 'weekly_review',  2100, 980, 0.015200, 'claude-sonnet-4-20250514',  '生成本周成长周报',               '本周完成3个里程碑，晨间习惯执行率60%，运动需加强',       'success', '2026-05-05 21:00:00+08'),
('f0000000-0000-0000-0000-000000000003', 'daily_coach',   720,  280, 0.003800, 'claude-sonnet-4-20250514',  '分析今日日志',                   '效率很高，建议保持这个节奏',                             'success', '2026-05-06 20:00:00+08'),
('f0000000-0000-0000-0000-000000000004', 'goal_planner',  1500, 650, 0.010800, 'gpt-4o',                    '拆解月度目标为周任务',           '已将月度目标拆解为4周具体行动计划',                      'success', '2026-05-06 15:00:00+08'),
('f0000000-0000-0000-0000-000000000005', 'daily_coach',   900,  350, 0.004900, 'claude-sonnet-4-20250514',  '分析今日日志并鼓励',             '坚持学习RLS很好，建议补充运动时间',                      'success', '2026-05-07 20:00:00+08'),
('f0000000-0000-0000-0000-000000000006', 'insight_gen',   3200, 1200, 0.022000, 'claude-sonnet-4-20250514',  '基于两周数据生成深度洞察',        '发现晨间效率显著高于下午，建议优化时间分配',             'success', '2026-05-07 22:00:00+08'),
('f0000000-0000-0000-0000-000000000007', 'daily_coach',   780,  300, 0.004200, 'claude-sonnet-4-20250514',  '分析今日日志',                   '虽然分心但冥想帮助恢复了专注，值得坚持',                 'success', '2026-05-08 20:00:00+08'),
('f0000000-0000-0000-0000-000000000008', 'daily_coach',   820,  310, 0.004400, 'claude-sonnet-4-20250514',  '分析今日日志',                   'AI集成进展顺利，博客写作是很好的知识输出方式',           'success', '2026-05-09 20:00:00+08'),
('f0000000-0000-0000-0000-000000000009', 'goal_planner',  1800, 750, 0.012800, 'gpt-4o',                    '根据本周进度调整下周计划',        '建议下周聚焦前端开发和AI洞察模块',                       'success', '2026-05-10 19:00:00+08'),
('f0000000-0000-0000-0000-000000000010', 'daily_coach',   600,  200, 0.003100, 'claude-sonnet-4-20250514',  '分析周六日志',                   '代码review和产品讨论都是很好的投入，纪录片也是不错的放松方式', 'success', '2026-05-10 21:00:00+08');
